{"cameraMode":{"drawMode":0,"name":"Shaded","section":"Shading Mode"},"sceneLighting":false,"audioPlay":false,"sceneViewState":{"showFog":true,"showMaterialUpdate":true,"showSkybox":false,"showFlares":true,"showImageEffects":true,"showParticleSystems":true},"in2DMode":false,"pivot":{"x":0.04951078072190285,"y":0.1739416867494583,"z":-0.0011347532272338868},"rotation":{"x":-0.06323997676372528,"y":-0.02933947741985321,"z":0.0018619514303281904,"w":-0.9975726008415222},"size":1.710209846496582,"orthographic":false}