{"cameraMode":{"drawMode":0,"name":"Shaded","section":"Shading Mode"},"sceneLighting":true,"audioPlay":false,"sceneViewState":{"showFog":true,"showMaterialUpdate":true,"showSkybox":true,"showFlares":true,"showImageEffects":true,"showParticleSystems":true},"in2DMode":false,"pivot":{"x":3.2100272178649904,"y":-0.09031254053115845,"z":1.0201525688171387},"rotation":{"x":-0.273618221282959,"y":0.06543822586536408,"z":-0.01866261102259159,"w":-0.9594399929046631},"size":10.46057415008545,"orthographic":false}