{"cameraMode":{"drawMode":0,"name":"Shaded","section":"Shading Mode"},"sceneLighting":true,"audioPlay":false,"sceneViewState":{"showFog":true,"showMaterialUpdate":true,"showSkybox":true,"showFlares":true,"showImageEffects":true,"showParticleSystems":true},"in2DMode":false,"pivot":{"x":-180.68612670898438,"y":144.20448303222657,"z":-31.80365753173828},"rotation":{"x":0.09457860887050629,"y":-0.045977603644132617,"z":0.004261800553649664,"w":0.9945070147514343},"size":202.26071166992188,"orthographic":false}