{"cameraMode":{"drawMode":0,"name":"Shaded","section":"Shading Mode"},"sceneLighting":true,"audioPlay":false,"sceneViewState":{"showFog":true,"showMaterialUpdate":true,"showSkybox":true,"showFlares":true,"showImageEffects":true,"showParticleSystems":true},"in2DMode":false,"pivot":{"x":0.9570721983909607,"y":-0.8373820185661316,"z":0.20263387262821198},"rotation":{"x":0.10200081020593643,"y":-0.7019932866096497,"z":0.10264266282320023,"w":0.6973835825920105},"size":4.47649621963501,"orthographic":false}