{"cameraMode":{"drawMode":0,"name":"Shaded","section":"Shading Mode"},"sceneLighting":false,"audioPlay":false,"sceneViewState":{"showFog":true,"showMaterialUpdate":true,"showSkybox":false,"showFlares":true,"showImageEffects":true,"showParticleSystems":true},"in2DMode":false,"pivot":{"x":0.13839657604694367,"y":0.8407514095306397,"z":-0.17116962373256684},"rotation":{"x":0.030665192753076555,"y":0.9679895043373108,"z":-0.2005714774131775,"w":0.14808455109596253},"size":3.1885392665863039,"orthographic":false}