{"cameraMode":{"drawMode":0,"name":"Shaded","section":"Shading Mode"},"sceneLighting":true,"audioPlay":false,"sceneViewState":{"showFog":true,"showMaterialUpdate":true,"showSkybox":true,"showFlares":true,"showImageEffects":true,"showParticleSystems":true},"in2DMode":false,"pivot":{"x":219.42550659179688,"y":130.01564025878907,"z":-25.776153564453126},"rotation":{"x":0.19702069461345673,"y":0.006167398300021887,"z":-0.001348512014374137,"w":0.9804394841194153},"size":323.44769287109377,"orthographic":false}