{"cameraMode":{"drawMode":0,"name":"Shaded","section":"Shading Mode"},"sceneLighting":false,"audioPlay":false,"sceneViewState":{"showFog":true,"showMaterialUpdate":true,"showSkybox":false,"showFlares":true,"showImageEffects":true,"showParticleSystems":true},"in2DMode":false,"pivot":{"x":-12.424873352050782,"y":228.50506591796876,"z":74.4805679321289},"rotation":{"x":-0.02486855536699295,"y":0.038673460483551028,"z":0.0009839162230491639,"w":0.9989622831344605},"size":562.1422119140625,"orthographic":false}