{"cameraMode":{"drawMode":0,"name":"Shaded","section":"Shading Mode"},"sceneLighting":false,"audioPlay":false,"sceneViewState":{"showFog":true,"showMaterialUpdate":true,"showSkybox":false,"showFlares":true,"showImageEffects":true,"showParticleSystems":true},"in2DMode":false,"pivot":{"x":-2.6589272022247316,"y":0.10929322242736817,"z":-0.12831664085388184},"rotation":{"x":0.3084627687931061,"y":-0.0370890274643898,"z":0.012027331627905369,"w":0.9504777789115906},"size":3.510654926300049,"orthographic":false}