{"cameraMode":{"drawMode":0,"name":"Shaded","section":"Shading Mode"},"sceneLighting":true,"audioPlay":false,"sceneViewState":{"showFog":true,"showMaterialUpdate":true,"showSkybox":true,"showFlares":true,"showImageEffects":true,"showParticleSystems":true},"in2DMode":false,"pivot":{"x":-3.2249574661254885,"y":2.5589466094970705,"z":-0.047580718994140628},"rotation":{"x":-0.31034210324287417,"y":0.08313138037919998,"z":-0.027254918590188028,"w":-0.9465916156768799},"size":24.262752532958986,"orthographic":false}