{"cameraMode":{"drawMode":0,"name":"Shaded","section":"Shading Mode"},"sceneLighting":true,"audioPlay":false,"sceneViewState":{"showFog":true,"showMaterialUpdate":true,"showSkybox":true,"showFlares":true,"showImageEffects":true,"showParticleSystems":true},"in2DMode":false,"pivot":{"x":0.48842573165893557,"y":0.48221755027770998,"z":-0.6062989234924316},"rotation":{"x":0.11629721522331238,"y":-0.8268014192581177,"z":0.18559543788433076,"w":0.5181235671043396},"size":6.945235729217529,"orthographic":false}