{"cameraMode":{"drawMode":0,"name":"Shaded","section":"Shading Mode"},"sceneLighting":true,"audioPlay":false,"sceneViewState":{"showFog":true,"showMaterialUpdate":true,"showSkybox":true,"showFlares":true,"showImageEffects":true,"showParticleSystems":true},"in2DMode":false,"pivot":{"x":7.0945892333984379,"y":-7.582874298095703,"z":7.053503036499023},"rotation":{"x":-0.43118521571159365,"y":0.0847957655787468,"z":-0.04071146622300148,"w":-0.8973976969718933},"size":20.126924514770509,"orthographic":false}