{"cameraMode":{"drawMode":0,"name":"Shaded","section":"Shading Mode"},"sceneLighting":true,"audioPlay":false,"sceneViewState":{"showFog":true,"showMaterialUpdate":true,"showSkybox":true,"showFlares":true,"showImageEffects":true,"showParticleSystems":true},"in2DMode":false,"pivot":{"x":-3.606431245803833,"y":-0.9451520442962647,"z":-0.7004337310791016},"rotation":{"x":-0.15556195378303529,"y":0.03762450069189072,"z":-0.005927781108766794,"w":-0.9870991110801697},"size":11.096590042114258,"orthographic":false}