{"cameraMode":{"drawMode":0,"name":"Shaded","section":"Shading Mode"},"sceneLighting":true,"audioPlay":false,"sceneViewState":{"showFog":true,"showMaterialUpdate":true,"showSkybox":true,"showFlares":true,"showImageEffects":true,"showParticleSystems":true},"in2DMode":false,"pivot":{"x":-1.190208911895752,"y":0.6820324063301086,"z":-0.006844663992524147},"rotation":{"x":0.2595177888870239,"y":-0.04488696902990341,"z":0.012100087478756905,"w":0.9646382331848145},"size":5.265030860900879,"orthographic":false}