{"cameraMode":{"drawMode":0,"name":"Shaded","section":"Shading Mode"},"sceneLighting":false,"audioPlay":false,"sceneViewState":{"showFog":true,"showMaterialUpdate":true,"showSkybox":false,"showFlares":true,"showImageEffects":true,"showParticleSystems":true},"in2DMode":false,"pivot":{"x":-0.029494525864720346,"y":-0.01074265968054533,"z":-0.004974365234375},"rotation":{"x":0.12398812174797058,"y":-0.22998569905757905,"z":0.029562240466475488,"w":0.9648217558860779},"size":0.3032096028327942,"orthographic":false}