{"cameraMode":{"drawMode":0,"name":"Shaded","section":"Shading Mode"},"sceneLighting":true,"audioPlay":false,"sceneViewState":{"showFog":true,"showMaterialUpdate":true,"showSkybox":true,"showFlares":true,"showImageEffects":true,"showParticleSystems":true},"in2DMode":false,"pivot":{"x":29.68206787109375,"y":5.765080451965332,"z":-34.830841064453128},"rotation":{"x":-0.27569538354873659,"y":0.26848286390304568,"z":-0.08050131052732468,"w":-0.9194754362106323},"size":19.48379135131836,"orthographic":false}