{"cameraMode":{"drawMode":0,"name":"Shaded","section":"Shading Mode"},"sceneLighting":false,"audioPlay":false,"sceneViewState":{"showFog":true,"showMaterialUpdate":true,"showSkybox":false,"showFlares":true,"showImageEffects":true,"showParticleSystems":true},"in2DMode":false,"pivot":{"x":-0.016058385372161866,"y":0.2185756266117096,"z":-0.04927420616149902},"rotation":{"x":0.18083390593528748,"y":-0.42872288823127749,"z":0.08802227675914765,"w":0.880767285823822},"size":0.861181914806366,"orthographic":false}