{"cameraMode":{"drawMode":0,"name":"Shaded","section":"Shading Mode"},"sceneLighting":true,"audioPlay":false,"sceneViewState":{"showFog":true,"showMaterialUpdate":true,"showSkybox":true,"showFlares":true,"showImageEffects":true,"showParticleSystems":true},"in2DMode":false,"pivot":{"x":-4.409999847412109,"y":1.119999885559082,"z":-0.4099999964237213},"rotation":{"x":-0.03179222717881203,"y":0.02758031152188778,"z":-0.0008758099284023047,"w":-0.9991205930709839},"size":5.955414295196533,"orthographic":false}