{"cameraMode":{"drawMode":0,"name":"Shaded","section":"Shading Mode"},"sceneLighting":true,"audioPlay":false,"sceneViewState":{"showFog":true,"showMaterialUpdate":true,"showSkybox":true,"showFlares":true,"showImageEffects":true,"showParticleSystems":true},"in2DMode":false,"pivot":{"x":2.0473952293395998,"y":4.40263032913208,"z":-5.490012168884277},"rotation":{"x":-0.20285627245903016,"y":0.018209317699074746,"z":-0.003772999858483672,"w":-0.979031503200531},"size":6.019222736358643,"orthographic":false}