{"cameraMode":{"drawMode":0,"name":"Shaded","section":"Shading Mode"},"sceneLighting":false,"audioPlay":false,"sceneViewState":{"showFog":true,"showMaterialUpdate":true,"showSkybox":false,"showFlares":true,"showImageEffects":true,"showParticleSystems":true},"in2DMode":false,"pivot":{"x":-0.03696371614933014,"y":0.04875236004590988,"z":-0.05609130859375},"rotation":{"x":0.19810143113136292,"y":0.39008763432502749,"z":-0.08632692694664002,"w":0.8950719833374023},"size":0.3519095778465271,"orthographic":false}