{"cameraMode":{"drawMode":0,"name":"Shaded","section":"Shading Mode"},"sceneLighting":true,"audioPlay":false,"sceneViewState":{"showFog":true,"showMaterialUpdate":true,"showSkybox":true,"showFlares":true,"showImageEffects":true,"showParticleSystems":true},"in2DMode":false,"pivot":{"x":3.5648622512817385,"y":-1.16845703125,"z":-4.710912704467773},"rotation":{"x":-0.5457577705383301,"y":0.06570623815059662,"z":-0.04298325628042221,"w":-0.8342589735984802},"size":65.69355773925781,"orthographic":false}