{"cameraMode":{"drawMode":0,"name":"Shaded","section":"Shading Mode"},"sceneLighting":true,"audioPlay":false,"sceneViewState":{"showFog":true,"showMaterialUpdate":true,"showSkybox":true,"showFlares":true,"showImageEffects":true,"showParticleSystems":true},"in2DMode":false,"pivot":{"x":4.466915130615234,"y":0.6496615409851074,"z":-0.7847058176994324},"rotation":{"x":-0.22425958514213563,"y":0.6809759736061096,"z":-0.23235106468200684,"w":-0.6572873592376709},"size":8.321442604064942,"orthographic":false}