{"cameraMode":{"drawMode":0,"name":"Shaded","section":"Shading Mode"},"sceneLighting":true,"audioPlay":false,"sceneViewState":{"showFog":true,"showMaterialUpdate":true,"showSkybox":true,"showFlares":true,"showImageEffects":true,"showParticleSystems":true},"in2DMode":false,"pivot":{"x":-0.29118669033050539,"y":0.27173709869384768,"z":0.0219268798828125},"rotation":{"x":-0.2676074802875519,"y":0.12587282061576844,"z":-0.03528324142098427,"w":-0.9546337127685547},"size":5.09274959564209,"orthographic":false}