{"cameraMode":{"drawMode":0,"name":"Shaded","section":"Shading Mode"},"sceneLighting":true,"audioPlay":false,"sceneViewState":{"showFog":true,"showMaterialUpdate":true,"showSkybox":true,"showFlares":true,"showImageEffects":true,"showParticleSystems":true},"in2DMode":false,"pivot":{"x":-0.41207456588745119,"y":2.0111377239227297,"z":1.9014477729797364},"rotation":{"x":-0.29034605622291567,"y":0.37336093187332156,"z":-0.12427070736885071,"w":-0.872319757938385},"size":5.614349842071533,"orthographic":false}