{"cameraMode":{"drawMode":0,"name":"Shaded","section":"Shading Mode"},"sceneLighting":true,"audioPlay":false,"sceneViewState":{"showFog":true,"showMaterialUpdate":true,"showSkybox":true,"showFlares":true,"showImageEffects":true,"showParticleSystems":true},"in2DMode":false,"pivot":{"x":-0.00027161184698343277,"y":-0.0163886621594429,"z":0.16676533222198487},"rotation":{"x":-0.09616060554981232,"y":0.002087750704959035,"z":-0.0001988707372220233,"w":-0.995368242263794},"size":0.9194895625114441,"orthographic":false}