{"cameraMode":{"drawMode":0,"name":"Shaded","section":"Shading Mode"},"sceneLighting":true,"audioPlay":false,"sceneViewState":{"showFog":true,"showMaterialUpdate":true,"showSkybox":true,"showFlares":true,"showImageEffects":true,"showParticleSystems":true},"in2DMode":false,"pivot":{"x":-0.6612299680709839,"y":1.7930538654327393,"z":-0.8620285987854004},"rotation":{"x":0.09532880038022995,"y":-0.21739336848258973,"z":0.021209759637713434,"w":0.9712401032447815},"size":3.6452341079711916,"orthographic":false}