{"cameraMode":{"drawMode":0,"name":"Shaded","section":"Shading Mode"},"sceneLighting":true,"audioPlay":false,"sceneViewState":{"showFog":true,"showMaterialUpdate":true,"showSkybox":true,"showFlares":true,"showImageEffects":true,"showParticleSystems":true},"in2DMode":false,"pivot":{"x":1.5926920175552369,"y":1.0589901208877564,"z":-0.8729960918426514},"rotation":{"x":0.1792065054178238,"y":-0.06781578063964844,"z":0.012377659790217877,"w":0.9814174175262451},"size":5.185497283935547,"orthographic":false}