{"cameraMode":{"drawMode":0,"name":"Shaded","section":"Shading Mode"},"sceneLighting":false,"audioPlay":false,"sceneViewState":{"showFog":true,"showMaterialUpdate":true,"showSkybox":false,"showFlares":true,"showImageEffects":true,"showParticleSystems":true},"in2DMode":false,"pivot":{"x":0.0,"y":5.250001430511475,"z":5.066394805908203e-7},"rotation":{"x":-0.09616060554981232,"y":0.002087750704959035,"z":-0.0001988707372220233,"w":-0.995368242263794},"size":17.61332130432129,"orthographic":false}