{"cameraMode":{"drawMode":0,"name":"Shaded","section":"Shading Mode"},"sceneLighting":true,"audioPlay":false,"sceneViewState":{"showFog":true,"showMaterialUpdate":true,"showSkybox":true,"showFlares":true,"showImageEffects":true,"showParticleSystems":true},"in2DMode":false,"pivot":{"x":-7.839979648590088,"y":0.22287878394126893,"z":-0.2252669334411621},"rotation":{"x":0.3021235764026642,"y":0.24783547222614289,"z":-0.08165862411260605,"w":0.9168689250946045},"size":18.769332885742189,"orthographic":false}