{"cameraMode":{"drawMode":0,"name":"Shaded","section":"Shading Mode"},"sceneLighting":true,"audioPlay":false,"sceneViewState":{"showFog":true,"showMaterialUpdate":true,"showSkybox":true,"showFlares":true,"showImageEffects":true,"showParticleSystems":true},"in2DMode":false,"pivot":{"x":234.55369567871095,"y":183.7007598876953,"z":3.6104724407196047},"rotation":{"x":0.045290980488061908,"y":0.015291430987417698,"z":-0.0008037127554416657,"w":0.9989169239997864},"size":161.2115020751953,"orthographic":false}