{"cameraMode":{"drawMode":0,"name":"Shaded","section":"Shading Mode"},"sceneLighting":true,"audioPlay":false,"sceneViewState":{"showFog":true,"showMaterialUpdate":true,"showSkybox":true,"showFlares":true,"showImageEffects":true,"showParticleSystems":true},"in2DMode":false,"pivot":{"x":-1.501993179321289,"y":1.3588576316833497,"z":0.003289830405265093},"rotation":{"x":-0.03612007573246956,"y":0.8978696465492249,"z":-0.43240466713905337,"w":-0.07504672557115555},"size":2.6835901737213136,"orthographic":false}