{"cameraMode":{"drawMode":0,"name":"Shaded","section":"Shading Mode"},"sceneLighting":false,"audioPlay":false,"sceneViewState":{"showFog":true,"showMaterialUpdate":true,"showSkybox":false,"showFlares":true,"showImageEffects":true,"showParticleSystems":true},"in2DMode":false,"pivot":{"x":0.5474621057510376,"y":0.9568526744842529,"z":-0.20932412147521974},"rotation":{"x":0.052765827625989917,"y":0.9416056871414185,"z":-0.17603087425231934,"w":0.28232434391975405},"size":4.088539123535156,"orthographic":false}