{"cameraMode":{"drawMode":0,"name":"Shaded","section":"Shading Mode"},"sceneLighting":true,"audioPlay":false,"sceneViewState":{"showFog":true,"showMaterialUpdate":true,"showSkybox":true,"showFlares":true,"showImageEffects":true,"showParticleSystems":true},"in2DMode":false,"pivot":{"x":-1.5467352867126465,"y":0.9094383716583252,"z":0.7356323599815369},"rotation":{"x":0.11629518866539002,"y":0.697888970375061,"z":-0.11642616987228394,"w":0.6970551609992981},"size":5.139063358306885,"orthographic":false}