{"cameraMode":{"drawMode":0,"name":"Shaded","section":"Shading Mode"},"sceneLighting":true,"audioPlay":false,"sceneViewState":{"showFog":true,"showMaterialUpdate":true,"showSkybox":true,"showFlares":true,"showImageEffects":true,"showParticleSystems":true},"in2DMode":false,"pivot":{"x":-2.3426711559295656,"y":1.040683388710022,"z":0.23303335905075074},"rotation":{"x":-0.20965000987052918,"y":0.5257564187049866,"z":-0.1355462372303009,"w":-0.8132272958755493},"size":5.683590888977051,"orthographic":false}